1,Post-it Orange x50,"Lorem ipsum dolor sit amet, consectetur adipiscing elit. Maecenas placerat nisi purus, at consequat mauris tristique cursus. Aliquam malesuada risus ut sem consequat placerat. Nunc eleifend tincidunt lacus, quis venenatis leo venenatis ac. Vestibulum in purus sit amet quam imperdiet vehicula. In in sem metus. Integer mollis nisl quis sodales aliquet. Donec auctor vitae mauris at blandit. Proin ut dignissim lorem. Aenean semper purus vel elit sagittis, et sodales felis dignissim.",./img/piorange.png,5€,1
2,Post-it Green x50,"Lorem ipsum dolor sit amet, consectetur adipiscing elit. Maecenas placerat nisi purus, at consequat mauris tristique cursus. Aliquam malesuada risus ut sem consequat placerat. Nunc eleifend tincidunt lacus, quis venenatis leo venenatis ac. Vestibulum in purus sit amet quam imperdiet vehicula. In in sem metus. Integer mollis nisl quis sodales aliquet. Donec auctor vitae mauris at blandit. Proin ut dignissim lorem. Aenean semper purus vel elit sagittis, et sodales felis dignissim.",./img/pigreen.png,5€,1
3,Post-it Grey x50,"Lorem ipsum dolor sit amet, consectetur adipiscing elit. Maecenas placerat nisi purus, at consequat mauris tristique cursus. Aliquam malesuada risus ut sem consequat placerat. Nunc eleifend tincidunt lacus, quis venenatis leo venenatis ac. Vestibulum in purus sit amet quam imperdiet vehicula. In in sem metus. Integer mollis nisl quis sodales aliquet. Donec auctor vitae mauris at blandit. Proin ut dignissim lorem. Aenean semper purus vel elit sagittis, et sodales felis dignissim.",./img/pigrey.png,5€,1
4,Post-it Blue x50,"Lorem ipsum dolor sit amet, consectetur adipiscing elit. Maecenas placerat nisi purus, at consequat mauris tristique cursus. Aliquam malesuada risus ut sem consequat placerat. Nunc eleifend tincidunt lacus, quis venenatis leo venenatis ac. Vestibulum in purus sit amet quam imperdiet vehicula. In in sem metus. Integer mollis nisl quis sodales aliquet. Donec auctor vitae mauris at blandit. Proin ut dignissim lorem. Aenean semper purus vel elit sagittis, et sodales felis dignissim.",./img/piblue.png,5€,1
5,Post-it Yellow x50,"Lorem ipsum dolor sit amet, consectetur adipiscing elit. Maecenas placerat nisi purus, at consequat mauris tristique cursus. Aliquam malesuada risus ut sem consequat placerat. Nunc eleifend tincidunt lacus, quis venenatis leo venenatis ac. Vestibulum in purus sit amet quam imperdiet vehicula. In in sem metus. Integer mollis nisl quis sodales aliquet. Donec auctor vitae mauris at blandit. Proin ut dignissim lorem. Aenean semper purus vel elit sagittis, et sodales felis dignissim.",./img/piyellow.png,5€,1
6,Post-it Pink x50,"Lorem ipsum dolor sit amet, consectetur adipiscing elit. Maecenas placerat nisi purus, at consequat mauris tristique cursus. Aliquam malesuada risus ut sem consequat placerat. Nunc eleifend tincidunt lacus, quis venenatis leo venenatis ac. Vestibulum in purus sit amet quam imperdiet vehicula. In in sem metus. Integer mollis nisl quis sodales aliquet. Donec auctor vitae mauris at blandit. Proin ut dignissim lorem. Aenean semper purus vel elit sagittis, et sodales felis dignissim.",./img/pipink.png,5€,1
7,Post-it Purple x50,"Lorem ipsum dolor sit amet, consectetur adipiscing elit. Maecenas placerat nisi purus, at consequat mauris tristique cursus. Aliquam malesuada risus ut sem consequat placerat. Nunc eleifend tincidunt lacus, quis venenatis leo venenatis ac. Vestibulum in purus sit amet quam imperdiet vehicula. In in sem metus. Integer mollis nisl quis sodales aliquet. Donec auctor vitae mauris at blandit. Proin ut dignissim lorem. Aenean semper purus vel elit sagittis, et sodales felis dignissim.",./img/pipurple.png,5€,1
8,Post-it Red x50,"Lorem ipsum dolor sit amet, consectetur adipiscing elit. Maecenas placerat nisi purus, at consequat mauris tristique cursus. Aliquam malesuada risus ut sem consequat placerat. Nunc eleifend tincidunt lacus, quis venenatis leo venenatis ac. Vestibulum in purus sit amet quam imperdiet vehicula. In in sem metus. Integer mollis nisl quis sodales aliquet. Donec auctor vitae mauris at blandit. Proin ut dignissim lorem. Aenean semper purus vel elit sagittis, et sodales felis dignissim.",./img/pired.png,5€,1
9,Stabilo Blue,"Lorem ipsum dolor sit amet, consectetur adipiscing elit. Maecenas placerat nisi purus, at consequat mauris tristique cursus. Aliquam malesuada risus ut sem consequat placerat. Nunc eleifend tincidunt lacus, quis venenatis leo venenatis ac. Vestibulum in purus sit amet quam imperdiet vehicula. In in sem metus. Integer mollis nisl quis sodales aliquet. Donec auctor vitae mauris at blandit. Proin ut dignissim lorem. Aenean semper purus vel elit sagittis, et sodales felis dignissim.",./img/stabiloblue.png,5€,2
10,Stabilo Red,"Lorem ipsum dolor sit amet, consectetur adipiscing elit. Maecenas placerat nisi purus, at consequat mauris tristique cursus. Aliquam malesuada risus ut sem consequat placerat. Nunc eleifend tincidunt lacus, quis venenatis leo venenatis ac. Vestibulum in purus sit amet quam imperdiet vehicula. In in sem metus. Integer mollis nisl quis sodales aliquet. Donec auctor vitae mauris at blandit. Proin ut dignissim lorem. Aenean semper purus vel elit sagittis, et sodales felis dignissim.",./img/stabilored.png,5€,2
11,Stabilo Green,"Lorem ipsum dolor sit amet, consectetur adipiscing elit. Maecenas placerat nisi purus, at consequat mauris tristique cursus. Aliquam malesuada risus ut sem consequat placerat. Nunc eleifend tincidunt lacus, quis venenatis leo venenatis ac. Vestibulum in purus sit amet quam imperdiet vehicula. In in sem metus. Integer mollis nisl quis sodales aliquet. Donec auctor vitae mauris at blandit. Proin ut dignissim lorem. Aenean semper purus vel elit sagittis, et sodales felis dignissim.",./img/stabilogreen.png,5€,2
12,Stabilo Pink,"Lorem ipsum dolor sit amet, consectetur adipiscing elit. Maecenas placerat nisi purus, at consequat mauris tristique cursus. Aliquam malesuada risus ut sem consequat placerat. Nunc eleifend tincidunt lacus, quis venenatis leo venenatis ac. Vestibulum in purus sit amet quam imperdiet vehicula. In in sem metus. Integer mollis nisl quis sodales aliquet. Donec auctor vitae mauris at blandit. Proin ut dignissim lorem. Aenean semper purus vel elit sagittis, et sodales felis dignissim.",./img/stabilopink.png,5€,2
13,Stabilo Yellow,"Lorem ipsum dolor sit amet, consectetur adipiscing elit. Maecenas placerat nisi purus, at consequat mauris tristique cursus. Aliquam malesuada risus ut sem consequat placerat. Nunc eleifend tincidunt lacus, quis venenatis leo venenatis ac. Vestibulum in purus sit amet quam imperdiet vehicula. In in sem metus. Integer mollis nisl quis sodales aliquet. Donec auctor vitae mauris at blandit. Proin ut dignissim lorem. Aenean semper purus vel elit sagittis, et sodales felis dignissim.",./img/stabiloyellow.png,5€,2
14,TipEx,"Lorem ipsum dolor sit amet, consectetur adipiscing elit. Maecenas placerat nisi purus, at consequat mauris tristique cursus. Aliquam malesuada risus ut sem consequat placerat. Nunc eleifend tincidunt lacus, quis venenatis leo venenatis ac. Vestibulum in purus sit amet quam imperdiet vehicula. In in sem metus. Integer mollis nisl quis sodales aliquet. Donec auctor vitae mauris at blandit. Proin ut dignissim lorem. Aenean semper purus vel elit sagittis, et sodales felis dignissim.",./img/tipex.png,5€,3
15,Eraser,"Lorem ipsum dolor sit amet, consectetur adipiscing elit. Maecenas placerat nisi purus, at consequat mauris tristique cursus. Aliquam malesuada risus ut sem consequat placerat. Nunc eleifend tincidunt lacus, quis venenatis leo venenatis ac. Vestibulum in purus sit amet quam imperdiet vehicula. In in sem metus. Integer mollis nisl quis sodales aliquet. Donec auctor vitae mauris at blandit. Proin ut dignissim lorem. Aenean semper purus vel elit sagittis, et sodales felis dignissim.",./img/eraser.png,5€,3
16,Corrector,"Lorem ipsum dolor sit amet, consectetur adipiscing elit. Maecenas placerat nisi purus, at consequat mauris tristique cursus. Aliquam malesuada risus ut sem consequat placerat. Nunc eleifend tincidunt lacus, quis venenatis leo venenatis ac. Vestibulum in purus sit amet quam imperdiet vehicula. In in sem metus. Integer mollis nisl quis sodales aliquet. Donec auctor vitae mauris at blandit. Proin ut dignissim lorem. Aenean semper purus vel elit sagittis, et sodales felis dignissim.",./img/corrector.png,5€,3